word_num	3
ready_timer	5
count_timer1	30
count_timer2	30
sentence1_timer	20
sentence2_timer	20
sentence3_timer	20
intro	下面请在屏幕上说出某个词语组成的陈述句。比如说“家庭”，你要写“我的家庭幸福美满、家庭是游子们的避风港_ 等等这样的句子。本测试首先休息30s，盯住屏幕中的＋号，并重复从1数到10，然后屏幕上将出现一个词语，并持续120s，在120s内当中要尽可能地多造句，但不能重复。看到词语后，立即开始作答！120s结束后将再次出现＋号，并重复从1数到10。
sen_intro	请说出上面给出的词语造句